zone_id,latitude,longitude,geological_score,ndvi,rainfall_mm,soil_moisture_pct,temperature_c,equipment_downtime_hrs,target_production,actual_production,shortfall_risk
ZONE-D (Gumgaon),21.38,79.03,75.0,0.506,105.4,70.0,28.5,15.6,36185.0,21712.0,HIGH
ZONE-B (Tirodi Mine),21.68,79.71,60.9,0.327,44.8,40.3,32.4,10.9,39442.0,32559.0,MEDIUM
ZONE-D (Gumgaon),21.38,79.03,70.6,0.297,31.4,34.6,28.7,8.4,39961.0,34601.0,MEDIUM
ZONE-D (Gumgaon),21.38,79.03,78.4,0.261,23.9,34.1,31.0,56.2,44726.0,26836.0,HIGH
ZONE-B (Tirodi Mine),21.68,79.71,53.0,0.287,20.9,32.2,37.6,20.8,44651.0,29818.0,HIGH
ZONE-E (Kandri),21.42,79.27,43.5,0.268,17.2,30.8,31.7,16.3,43220.0,31964.0,HIGH
ZONE-A (Dongri Buzurg),21.53,79.68,86.3,0.21,0.6,12.7,30.7,23.1,44337.0,27969.0,HIGH
ZONE-B (Tirodi Mine),21.68,79.71,60.1,0.288,4.3,23.3,31.3,11.5,42566.0,34739.0,MEDIUM
ZONE-F (Mansar),21.4,79.28,73.7,0.4,76.4,50.2,37.4,16.5,40444.0,29793.0,HIGH
ZONE-A (Dongri Buzurg),21.53,79.68,86.7,0.308,43.4,38.9,29.2,12.5,42260.0,33822.0,MEDIUM
ZONE-E (Kandri),21.42,79.27,50.3,0.255,10.0,30.4,29.7,11.2,44367.0,36406.0,MEDIUM
ZONE-E (Kandri),21.42,79.27,51.5,0.246,12.3,25.1,29.5,23.5,37099.0,23156.0,HIGH
ZONE-A (Dongri Buzurg),21.53,79.68,83.6,0.266,13.4,25.0,32.8,15.8,40597.0,30337.0,HIGH
ZONE-A (Dongri Buzurg),21.53,79.68,78.9,0.324,23.2,26.1,29.9,9.2,39635.0,33811.0,MEDIUM
ZONE-F (Mansar),21.4,79.28,62.8,0.499,124.9,68.5,30.6,13.9,36463.0,22671.0,HIGH
ZONE-E (Kandri),21.42,79.27,42.2,0.312,14.8,32.4,34.5,39.2,36728.0,22037.0,HIGH
ZONE-C (Balaghat Pit 4),21.8,80.18,34.9,0.311,9.7,23.8,41.7,27.0,37356.0,22414.0,HIGH
ZONE-C (Balaghat Pit 4),21.8,80.18,35.7,0.249,7.2,23.6,36.8,13.1,41807.0,33057.0,HIGH
ZONE-D (Gumgaon),21.38,79.03,75.6,0.373,98.8,66.2,39.4,26.3,40873.0,19619.0,HIGH
ZONE-B (Tirodi Mine),21.68,79.71,63.1,0.287,10.4,28.9,34.9,3.3,44075.0,41717.0,LOW
ZONE-E (Kandri),21.42,79.27,51.8,0.375,75.0,51.3,37.2,14.0,43990.0,34147.0,HIGH
ZONE-D (Gumgaon),21.38,79.03,66.6,0.235,3.1,22.6,26.1,14.6,41868.0,32083.0,HIGH
ZONE-A (Dongri Buzurg),21.53,79.68,78.8,0.252,6.8,23.0,28.9,28.8,38773.0,23264.0,HIGH
ZONE-D (Gumgaon),21.38,79.03,73.9,0.321,24.9,25.9,35.4,12.9,39910.0,31673.0,HIGH
ZONE-E (Kandri),21.42,79.27,56.1,0.38,24.4,29.9,29.1,6.2,41809.0,37652.0,MEDIUM
ZONE-A (Dongri Buzurg),21.53,79.68,69.2,0.608,182.4,95.0,40.1,19.1,44823.0,24888.0,HIGH
ZONE-D (Gumgaon),21.38,79.03,66.1,0.264,12.2,29.7,31.1,15.0,42264.0,32132.0,HIGH
ZONE-F (Mansar),21.4,79.28,73.1,0.223,3.6,21.8,40.0,22.3,39235.0,25219.0,HIGH
ZONE-E (Kandri),21.42,79.27,54.9,0.259,12.3,19.3,35.8,5.1,39571.0,36342.0,MEDIUM
ZONE-F (Mansar),21.4,79.28,66.8,0.359,77.3,50.2,27.5,9.2,40884.0,34887.0,MEDIUM
ZONE-E (Kandri),21.42,79.27,41.6,0.396,63.9,47.1,26.6,16.4,43451.0,32058.0,HIGH
ZONE-D (Gumgaon),21.38,79.03,81.5,0.274,8.5,20.9,26.8,47.6,42535.0,25521.0,HIGH
ZONE-E (Kandri),21.42,79.27,47.8,0.435,122.2,69.8,37.9,7.5,39855.0,28036.0,HIGH
ZONE-D (Gumgaon),21.38,79.03,74.3,0.277,18.4,26.9,30.0,35.7,38519.0,23112.0,HIGH
ZONE-E (Kandri),21.42,79.27,44.9,0.375,46.9,49.6,32.7,7.6,36130.0,31762.0,MEDIUM
ZONE-F (Mansar),21.4,79.28,70.6,0.239,3.4,20.4,41.7,20.2,40182.0,27193.0,HIGH
ZONE-E (Kandri),21.42,79.27,44.6,0.325,17.8,34.2,26.7,30.3,43708.0,26225.0,HIGH
ZONE-E (Kandri),21.42,79.27,56.3,0.335,40.3,40.4,41.1,16.3,42095.0,31129.0,HIGH
ZONE-C (Balaghat Pit 4),21.8,80.18,36.8,0.264,36.1,44.8,41.1,17.3,37762.0,27322.0,HIGH
ZONE-E (Kandri),21.42,79.27,45.9,0.264,8.5,22.1,35.9,27.2,42135.0,25281.0,HIGH
ZONE-F (Mansar),21.4,79.28,68.0,0.357,59.0,44.0,37.1,22.7,43231.0,27548.0,HIGH
ZONE-A (Dongri Buzurg),21.53,79.68,84.4,0.249,27.8,39.2,35.2,8.3,41225.0,35758.0,MEDIUM
ZONE-F (Mansar),21.4,79.28,60.5,0.274,28.9,36.1,37.8,8.2,40469.0,35151.0,MEDIUM
ZONE-A (Dongri Buzurg),21.53,79.68,81.3,0.303,13.5,25.1,26.2,16.1,41161.0,30572.0,HIGH
ZONE-E (Kandri),21.42,79.27,52.2,0.321,3.4,26.0,29.4,16.9,43546.0,31764.0,HIGH
ZONE-F (Mansar),21.4,79.28,59.6,0.32,42.3,39.3,27.4,15.2,43315.0,32809.0,HIGH
ZONE-A (Dongri Buzurg),21.53,79.68,76.4,0.353,31.4,28.5,33.7,6.3,38972.0,35068.0,MEDIUM
ZONE-F (Mansar),21.4,79.28,68.6,0.297,23.7,34.0,26.9,10.6,42714.0,35461.0,MEDIUM
ZONE-E (Kandri),21.42,79.27,59.3,0.253,9.5,21.0,27.3,1.1,44801.0,43990.0,LOW
ZONE-E (Kandri),21.42,79.27,54.8,0.255,1.5,19.5,41.9,23.8,40708.0,25230.0,HIGH
ZONE-A (Dongri Buzurg),21.53,79.68,78.2,0.24,8.6,24.1,37.8,31.7,39021.0,23413.0,HIGH
ZONE-B (Tirodi Mine),21.68,79.71,64.7,0.201,7.3,22.3,35.3,8.9,38786.0,33270.0,MEDIUM
ZONE-D (Gumgaon),21.38,79.03,80.5,0.295,32.3,42.0,27.2,9.8,44273.0,37365.0,MEDIUM
ZONE-B (Tirodi Mine),21.68,79.71,62.1,0.437,94.5,55.6,39.0,10.7,39428.0,26161.0,HIGH
ZONE-F (Mansar),21.4,79.28,68.2,0.353,61.8,43.4,26.6,14.0,42749.0,33177.0,HIGH
ZONE-C (Balaghat Pit 4),21.8,80.18,37.7,0.293,28.4,40.4,33.2,19.3,38058.0,26297.0,HIGH
ZONE-A (Dongri Buzurg),21.53,79.68,86.2,0.349,49.5,44.3,33.6,9.6,44712.0,37852.0,MEDIUM
ZONE-F (Mansar),21.4,79.28,73.8,0.366,73.2,50.7,26.5,10.8,37917.0,31386.0,MEDIUM
ZONE-F (Mansar),21.4,79.28,68.1,0.319,33.6,38.6,36.2,15.2,40927.0,30947.0,HIGH
ZONE-A (Dongri Buzurg),21.53,79.68,72.4,0.406,53.6,42.3,39.8,4.2,40132.0,37420.0,LOW
ZONE-B (Tirodi Mine),21.68,79.71,51.3,0.283,33.9,35.1,35.3,8.4,41263.0,35735.0,MEDIUM
ZONE-C (Balaghat Pit 4),21.8,80.18,48.0,0.227,5.2,30.5,31.5,17.8,37551.0,26856.0,HIGH
ZONE-B (Tirodi Mine),21.68,79.71,70.9,0.253,8.9,22.7,31.6,24.6,39204.0,23780.0,HIGH
ZONE-F (Mansar),21.4,79.28,63.1,0.341,15.9,36.7,26.6,13.3,43862.0,34519.0,HIGH
ZONE-E (Kandri),21.42,79.27,56.3,0.256,0.1,20.9,34.6,13.3,40781.0,32092.0,HIGH
ZONE-B (Tirodi Mine),21.68,79.71,60.7,0.364,48.2,38.6,34.2,15.9,40794.0,30385.0,HIGH
ZONE-A (Dongri Buzurg),21.53,79.68,73.7,0.351,46.8,37.2,39.5,4.6,39086.0,36205.0,LOW
ZONE-A (Dongri Buzurg),21.53,79.68,89.3,0.329,39.8,38.7,27.4,30.9,39885.0,23931.0,HIGH
ZONE-C (Balaghat Pit 4),21.8,80.18,26.6,0.305,16.7,29.7,35.7,10.6,44403.0,36867.0,MEDIUM
ZONE-E (Kandri),21.42,79.27,48.4,0.244,3.8,21.6,28.6,8.2,44071.0,38276.0,MEDIUM
ZONE-C (Balaghat Pit 4),21.8,80.18,34.0,0.31,26.0,29.5,27.8,12.6,37538.0,29994.0,HIGH
ZONE-C (Balaghat Pit 4),21.8,80.18,31.7,0.379,60.2,50.1,33.6,36.0,42626.0,25576.0,HIGH
ZONE-D (Gumgaon),21.38,79.03,86.8,0.213,4.3,24.5,35.3,21.4,36466.0,23983.0,HIGH
ZONE-B (Tirodi Mine),21.68,79.71,73.4,0.352,21.2,23.1,29.2,39.6,43149.0,25889.0,HIGH
ZONE-A (Dongri Buzurg),21.53,79.68,75.1,0.366,66.6,47.5,40.9,9.0,42494.0,36370.0,MEDIUM
ZONE-D (Gumgaon),21.38,79.03,69.7,0.367,64.5,50.4,29.2,10.4,41987.0,35010.0,MEDIUM
ZONE-B (Tirodi Mine),21.68,79.71,59.4,0.366,83.5,60.8,36.9,35.8,41617.0,24970.0,HIGH
ZONE-A (Dongri Buzurg),21.53,79.68,70.5,0.347,48.2,35.4,40.4,21.8,41618.0,27110.0,HIGH
ZONE-C (Balaghat Pit 4),21.8,80.18,37.2,0.263,19.8,33.8,37.1,34.6,44979.0,26988.0,HIGH
ZONE-A (Dongri Buzurg),21.53,79.68,84.5,0.25,13.1,29.2,26.5,31.4,39079.0,23447.0,HIGH
ZONE-F (Mansar),21.4,79.28,68.5,0.238,26.9,29.0,35.7,66.0,39681.0,23808.0,HIGH
ZONE-E (Kandri),21.42,79.27,45.1,0.369,44.6,45.6,34.7,7.3,44176.0,39021.0,MEDIUM
ZONE-F (Mansar),21.4,79.28,65.3,0.25,9.0,17.3,35.8,10.8,41337.0,34215.0,MEDIUM
ZONE-D (Gumgaon),21.38,79.03,66.2,0.315,29.1,35.0,37.3,15.3,39817.0,30046.0,HIGH
ZONE-E (Kandri),21.42,79.27,50.6,0.244,3.9,20.4,28.6,17.1,38803.0,28211.0,HIGH
ZONE-C (Balaghat Pit 4),21.8,80.18,28.6,0.309,31.3,31.7,31.4,6.0,44279.0,40061.0,MEDIUM
ZONE-B (Tirodi Mine),21.68,79.71,54.4,0.293,21.9,33.2,35.4,17.6,36305.0,26066.0,HIGH
ZONE-A (Dongri Buzurg),21.53,79.68,84.4,0.315,15.8,34.5,26.2,5.9,37338.0,33797.0,MEDIUM
ZONE-F (Mansar),21.4,79.28,58.0,0.392,69.0,45.7,30.8,6.7,43198.0,38549.0,MEDIUM
ZONE-F (Mansar),21.4,79.28,75.2,0.233,8.0,33.9,27.1,10.9,39967.0,33012.0,MEDIUM
ZONE-B (Tirodi Mine),21.68,79.71,61.0,0.305,24.1,29.4,31.3,14.0,44077.0,34208.0,HIGH
ZONE-B (Tirodi Mine),21.68,79.71,58.1,0.325,18.4,32.0,26.4,7.7,36177.0,31710.0,MEDIUM
ZONE-F (Mansar),21.4,79.28,70.3,0.284,14.5,30.4,34.9,22.2,41429.0,26716.0,HIGH
ZONE-F (Mansar),21.4,79.28,65.0,0.344,62.1,54.5,29.3,19.0,36770.0,25607.0,HIGH
ZONE-E (Kandri),21.42,79.27,48.8,0.214,0.9,21.7,32.7,4.8,41313.0,38121.0,LOW
ZONE-D (Gumgaon),21.38,79.03,73.8,0.354,62.2,52.7,31.8,10.0,43018.0,36121.0,MEDIUM
ZONE-A (Dongri Buzurg),21.53,79.68,80.8,0.391,71.0,55.8,38.8,10.0,40875.0,34305.0,MEDIUM
ZONE-E (Kandri),21.42,79.27,58.3,0.25,18.0,30.6,32.7,25.4,40767.0,24460.0,HIGH
ZONE-B (Tirodi Mine),21.68,79.71,65.0,0.259,30.1,35.2,36.4,9.3,37232.0,31703.0,MEDIUM
ZONE-A (Dongri Buzurg),21.53,79.68,81.0,0.297,10.8,21.3,36.1,55.8,39639.0,23784.0,HIGH
ZONE-F (Mansar),21.4,79.28,59.9,0.307,25.6,30.1,35.7,8.3,39201.0,33987.0,MEDIUM
ZONE-A (Dongri Buzurg),21.53,79.68,80.9,0.343,44.7,42.3,32.3,2.8,37458.0,35753.0,LOW
ZONE-D (Gumgaon),21.38,79.03,73.7,0.251,1.8,31.1,31.3,10.1,42554.0,35656.0,MEDIUM
ZONE-A (Dongri Buzurg),21.53,79.68,77.7,0.405,42.7,35.4,27.2,10.5,44659.0,37180.0,MEDIUM
ZONE-A (Dongri Buzurg),21.53,79.68,83.5,0.453,105.0,62.0,34.7,16.7,41929.0,24605.0,HIGH
ZONE-F (Mansar),21.4,79.28,67.1,0.352,35.5,41.4,26.8,10.4,44994.0,37473.0,MEDIUM
ZONE-B (Tirodi Mine),21.68,79.71,61.2,0.34,29.4,28.9,40.8,25.7,38872.0,23323.0,HIGH
ZONE-B (Tirodi Mine),21.68,79.71,61.1,0.365,36.2,31.2,35.0,24.2,39969.0,24471.0,HIGH
ZONE-D (Gumgaon),21.38,79.03,80.1,0.351,29.7,34.1,36.6,14.3,43890.0,33830.0,HIGH
ZONE-B (Tirodi Mine),21.68,79.71,58.7,0.284,0.9,20.7,41.0,27.1,40319.0,24191.0,HIGH
ZONE-A (Dongri Buzurg),21.53,79.68,71.9,0.265,30.4,31.0,27.5,15.7,36030.0,26978.0,HIGH
ZONE-E (Kandri),21.42,79.27,53.7,0.249,15.3,22.9,29.7,12.7,42117.0,33561.0,HIGH
ZONE-D (Gumgaon),21.38,79.03,71.1,0.493,109.7,66.8,35.4,21.8,42690.0,22232.0,HIGH
ZONE-D (Gumgaon),21.38,79.03,72.5,0.283,9.2,24.8,35.7,3.5,37984.0,35870.0,LOW
ZONE-A (Dongri Buzurg),21.53,79.68,72.6,0.486,110.4,71.5,36.1,13.9,40725.0,25349.0,HIGH
ZONE-C (Balaghat Pit 4),21.8,80.18,40.0,0.317,17.7,31.1,28.5,8.7,40833.0,35144.0,MEDIUM
ZONE-A (Dongri Buzurg),21.53,79.68,71.8,0.441,78.9,55.0,32.3,11.5,43670.0,35658.0,MEDIUM
ZONE-B (Tirodi Mine),21.68,79.71,54.4,0.426,58.0,48.8,27.4,2.9,42511.0,40562.0,LOW
ZONE-B (Tirodi Mine),21.68,79.71,72.0,0.304,26.6,35.6,35.1,18.4,42605.0,30043.0,HIGH
ZONE-C (Balaghat Pit 4),21.8,80.18,32.5,0.378,70.9,49.4,28.6,5.2,36953.0,33897.0,MEDIUM
ZONE-C (Balaghat Pit 4),21.8,80.18,39.0,0.352,48.9,41.3,31.4,7.8,43489.0,38054.0,MEDIUM
ZONE-E (Kandri),21.42,79.27,53.8,0.214,10.5,27.3,27.9,11.1,36166.0,29718.0,MEDIUM
ZONE-A (Dongri Buzurg),21.53,79.68,81.6,0.438,115.4,76.8,40.9,9.4,42374.0,28777.0,HIGH
ZONE-F (Mansar),21.4,79.28,76.2,0.335,43.2,36.6,27.2,8.5,41350.0,35741.0,MEDIUM
ZONE-D (Gumgaon),21.38,79.03,66.4,0.25,0.9,26.7,36.9,9.7,43153.0,36435.0,MEDIUM
ZONE-E (Kandri),21.42,79.27,42.9,0.289,12.4,24.9,29.7,18.8,38887.0,27190.0,HIGH
ZONE-F (Mansar),21.4,79.28,69.4,0.231,9.1,21.8,39.8,30.4,42938.0,25763.0,HIGH
ZONE-F (Mansar),21.4,79.28,75.0,0.318,26.5,33.7,41.5,10.9,38228.0,31585.0,MEDIUM
ZONE-A (Dongri Buzurg),21.53,79.68,79.4,0.243,7.8,29.5,35.3,12.9,40097.0,31838.0,HIGH
ZONE-E (Kandri),21.42,79.27,56.5,0.242,2.6,25.2,35.6,1.2,43019.0,42197.0,LOW
ZONE-C (Balaghat Pit 4),21.8,80.18,49.1,0.288,22.9,32.0,41.8,9.8,42322.0,35717.0,MEDIUM
ZONE-B (Tirodi Mine),21.68,79.71,54.2,0.385,52.3,43.5,27.3,13.8,44797.0,34888.0,HIGH
ZONE-B (Tirodi Mine),21.68,79.71,68.8,0.315,40.9,34.0,28.7,18.7,36284.0,25404.0,HIGH
ZONE-F (Mansar),21.4,79.28,73.6,0.271,33.6,38.8,41.0,22.2,41510.0,26776.0,HIGH
ZONE-C (Balaghat Pit 4),21.8,80.18,44.2,0.447,78.8,57.7,33.2,14.8,36735.0,28022.0,HIGH
ZONE-F (Mansar),21.4,79.28,75.3,0.304,31.5,35.0,35.9,43.0,43846.0,26308.0,HIGH
ZONE-E (Kandri),21.42,79.27,45.2,0.414,37.6,36.1,37.5,12.2,42122.0,33923.0,MEDIUM
ZONE-E (Kandri),21.42,79.27,57.6,0.302,19.0,30.8,28.8,9.6,41659.0,35238.0,MEDIUM
ZONE-D (Gumgaon),21.38,79.03,77.5,0.289,16.2,26.2,33.0,24.6,44106.0,26736.0,HIGH
ZONE-F (Mansar),21.4,79.28,70.9,0.286,37.2,36.6,33.5,3.6,39648.0,37391.0,LOW
ZONE-F (Mansar),21.4,79.28,66.5,0.274,6.9,20.3,33.9,10.6,40633.0,33747.0,MEDIUM
ZONE-A (Dongri Buzurg),21.53,79.68,90.2,0.334,38.0,41.4,31.0,7.7,39570.0,34720.0,MEDIUM
ZONE-C (Balaghat Pit 4),21.8,80.18,35.8,0.343,75.3,60.0,33.2,8.0,41291.0,35997.0,MEDIUM
ZONE-D (Gumgaon),21.38,79.03,70.1,0.325,42.9,34.7,26.6,10.2,43598.0,36515.0,MEDIUM
ZONE-D (Gumgaon),21.38,79.03,65.8,0.297,20.7,37.6,34.6,25.2,37620.0,22572.0,HIGH
ZONE-C (Balaghat Pit 4),21.8,80.18,38.1,0.259,13.3,28.5,28.4,13.1,43811.0,34641.0,HIGH
ZONE-C (Balaghat Pit 4),21.8,80.18,32.6,0.271,23.5,32.4,26.5,16.9,42061.0,30689.0,HIGH
ZONE-B (Tirodi Mine),21.68,79.71,66.6,0.243,7.3,25.9,29.8,17.8,44808.0,32076.0,HIGH
ZONE-C (Balaghat Pit 4),21.8,80.18,41.5,0.403,40.2,33.2,39.9,12.5,37941.0,30354.0,MEDIUM
ZONE-F (Mansar),21.4,79.28,72.4,0.262,17.5,32.6,36.5,15.8,43041.0,32161.0,HIGH
ZONE-E (Kandri),21.42,79.27,56.7,0.283,11.9,24.4,38.2,7.2,43901.0,38826.0,MEDIUM
ZONE-C (Balaghat Pit 4),21.8,80.18,43.2,0.348,71.1,51.4,36.4,6.6,41071.0,36756.0,MEDIUM
ZONE-C (Balaghat Pit 4),21.8,80.18,38.5,0.238,17.2,34.1,32.0,10.5,42014.0,34956.0,MEDIUM
ZONE-B (Tirodi Mine),21.68,79.71,52.4,0.444,49.9,39.6,41.2,13.3,40290.0,31720.0,HIGH
ZONE-C (Balaghat Pit 4),21.8,80.18,40.1,0.369,50.7,43.5,41.3,22.1,38191.0,24694.0,HIGH
ZONE-C (Balaghat Pit 4),21.8,80.18,39.5,0.281,16.7,28.7,29.1,4.1,42031.0,39272.0,LOW
ZONE-E (Kandri),21.42,79.27,48.9,0.306,56.9,55.0,35.8,16.8,37097.0,27108.0,HIGH
ZONE-C (Balaghat Pit 4),21.8,80.18,34.5,0.269,4.6,15.7,29.0,16.8,44260.0,32357.0,HIGH
ZONE-D (Gumgaon),21.38,79.03,72.6,0.303,23.1,32.5,26.7,29.2,43373.0,26024.0,HIGH
ZONE-F (Mansar),21.4,79.28,67.6,0.33,31.5,36.4,28.8,26.2,41010.0,24606.0,HIGH
ZONE-C (Balaghat Pit 4),21.8,80.18,37.4,0.38,53.1,44.9,32.8,8.7,40066.0,34520.0,MEDIUM
ZONE-B (Tirodi Mine),21.68,79.71,59.5,0.277,5.8,19.5,33.6,10.1,38072.0,31939.0,MEDIUM
ZONE-C (Balaghat Pit 4),21.8,80.18,33.0,0.312,9.2,20.4,33.9,17.0,39854.0,29004.0,HIGH
ZONE-A (Dongri Buzurg),21.53,79.68,80.8,0.317,41.3,39.8,35.3,9.9,44048.0,37049.0,MEDIUM
ZONE-C (Balaghat Pit 4),21.8,80.18,36.4,0.249,17.9,22.3,35.9,27.3,36629.0,21978.0,HIGH
ZONE-E (Kandri),21.42,79.27,51.1,0.298,11.1,31.7,29.7,4.3,39406.0,36683.0,LOW
ZONE-F (Mansar),21.4,79.28,66.8,0.359,28.6,31.8,27.0,18.6,42210.0,29661.0,HIGH
ZONE-A (Dongri Buzurg),21.53,79.68,84.8,0.208,6.5,16.7,39.1,12.8,37078.0,29471.0,HIGH
ZONE-C (Balaghat Pit 4),21.8,80.18,38.5,0.266,5.8,27.5,34.3,7.4,37149.0,32726.0,MEDIUM
ZONE-D (Gumgaon),21.38,79.03,74.2,0.33,53.3,39.7,31.8,2.6,40025.0,38365.0,LOW
ZONE-D (Gumgaon),21.38,79.03,77.3,0.379,72.3,54.3,35.2,2.1,39575.0,38217.0,LOW
ZONE-F (Mansar),21.4,79.28,69.4,0.36,59.5,50.5,39.9,18.7,36728.0,25743.0,HIGH
ZONE-E (Kandri),21.42,79.27,53.2,0.235,0.8,18.6,41.3,20.4,40314.0,27182.0,HIGH
ZONE-A (Dongri Buzurg),21.53,79.68,74.2,0.42,89.6,70.2,38.2,13.1,37317.0,23601.0,HIGH
ZONE-E (Kandri),21.42,79.27,48.6,0.157,4.5,25.8,29.7,15.3,43885.0,33173.0,HIGH
ZONE-E (Kandri),21.42,79.27,54.3,0.276,3.9,16.9,35.9,6.2,43027.0,38761.0,MEDIUM
ZONE-B (Tirodi Mine),21.68,79.71,53.7,0.264,8.3,30.3,35.9,8.4,36672.0,31744.0,MEDIUM
ZONE-D (Gumgaon),21.38,79.03,72.5,0.256,12.6,26.9,27.0,14.5,41537.0,31920.0,HIGH
ZONE-D (Gumgaon),21.38,79.03,78.9,0.276,6.7,26.8,37.6,9.5,39188.0,33205.0,MEDIUM
ZONE-C (Balaghat Pit 4),21.8,80.18,36.0,0.31,18.7,30.6,38.3,12.7,36173.0,28801.0,HIGH
ZONE-E (Kandri),21.42,79.27,54.7,0.316,50.0,42.9,29.4,12.9,40932.0,32506.0,HIGH
ZONE-E (Kandri),21.42,79.27,47.2,0.352,65.1,49.2,28.4,26.3,39383.0,23630.0,HIGH
ZONE-D (Gumgaon),21.38,79.03,67.5,0.384,68.7,52.9,28.1,15.7,43280.0,32375.0,HIGH
ZONE-E (Kandri),21.42,79.27,58.8,0.278,11.5,24.8,38.5,12.8,40051.0,31824.0,HIGH
ZONE-A (Dongri Buzurg),21.53,79.68,90.7,0.294,33.3,35.1,28.4,13.8,36375.0,28344.0,HIGH
ZONE-A (Dongri Buzurg),21.53,79.68,78.7,0.363,48.0,46.0,27.7,13.1,40158.0,31748.0,HIGH
ZONE-D (Gumgaon),21.38,79.03,75.4,0.315,15.1,29.5,29.0,26.5,36189.0,21713.0,HIGH
ZONE-D (Gumgaon),21.38,79.03,66.3,0.432,80.2,53.4,41.6,6.8,44638.0,39796.0,MEDIUM
ZONE-F (Mansar),21.4,79.28,61.0,0.397,79.2,52.5,33.6,12.7,40687.0,32434.0,HIGH
ZONE-D (Gumgaon),21.38,79.03,77.2,0.268,6.0,19.4,32.0,1.7,38464.0,37405.0,LOW
ZONE-D (Gumgaon),21.38,79.03,69.5,0.254,4.5,22.9,36.3,22.2,43619.0,28142.0,HIGH
ZONE-A (Dongri Buzurg),21.53,79.68,89.8,0.323,27.5,27.4,41.7,16.6,36485.0,26809.0,HIGH
ZONE-F (Mansar),21.4,79.28,63.6,0.296,49.0,43.2,37.6,16.1,44686.0,33203.0,HIGH
ZONE-C (Balaghat Pit 4),21.8,80.18,45.1,0.208,5.7,18.7,38.1,19.7,37364.0,25561.0,HIGH
ZONE-F (Mansar),21.4,79.28,65.8,0.415,72.3,57.7,28.6,10.9,42538.0,35112.0,MEDIUM
ZONE-A (Dongri Buzurg),21.53,79.68,78.0,0.267,11.4,26.1,36.5,25.3,41535.0,24921.0,HIGH
ZONE-B (Tirodi Mine),21.68,79.71,65.0,0.324,15.4,28.0,26.1,7.2,39311.0,34766.0,MEDIUM
ZONE-C (Balaghat Pit 4),21.8,80.18,31.4,0.385,49.4,41.8,34.0,10.6,43024.0,35712.0,MEDIUM
ZONE-F (Mansar),21.4,79.28,64.5,0.26,31.5,28.5,37.1,26.3,41294.0,24776.0,HIGH
ZONE-D (Gumgaon),21.38,79.03,72.5,0.309,25.0,29.1,29.6,11.0,41394.0,34135.0,MEDIUM
ZONE-C (Balaghat Pit 4),21.8,80.18,34.6,0.311,11.0,24.9,27.2,11.6,42369.0,34536.0,MEDIUM
ZONE-D (Gumgaon),21.38,79.03,71.4,0.295,25.5,26.9,31.3,6.9,41384.0,36826.0,MEDIUM
ZONE-C (Balaghat Pit 4),21.8,80.18,47.5,0.384,50.9,39.3,28.8,12.4,42173.0,33773.0,MEDIUM
ZONE-F (Mansar),21.4,79.28,62.7,0.305,48.1,42.9,41.7,18.1,41278.0,29348.0,HIGH
ZONE-F (Mansar),21.4,79.28,66.1,0.297,25.5,32.8,30.1,24.4,37675.0,22953.0,HIGH
ZONE-A (Dongri Buzurg),21.53,79.68,82.7,0.3,20.0,29.6,36.1,13.9,36516.0,28393.0,HIGH
ZONE-F (Mansar),21.4,79.28,66.0,0.299,33.0,36.4,36.5,12.1,38223.0,30801.0,MEDIUM
ZONE-D (Gumgaon),21.38,79.03,74.9,0.366,54.1,44.1,32.9,9.2,43678.0,37246.0,MEDIUM
ZONE-C (Balaghat Pit 4),21.8,80.18,37.6,0.281,2.3,11.3,31.6,15.3,44431.0,33550.0,HIGH
ZONE-B (Tirodi Mine),21.68,79.71,63.9,0.411,61.6,49.9,33.9,6.9,38778.0,34487.0,MEDIUM
ZONE-E (Kandri),21.42,79.27,47.9,0.306,32.8,31.5,28.4,7.5,41051.0,36104.0,MEDIUM
ZONE-A (Dongri Buzurg),21.53,79.68,87.3,0.484,137.8,80.1,34.7,15.2,38035.0,23013.0,HIGH
ZONE-B (Tirodi Mine),21.68,79.71,56.6,0.324,23.2,32.2,33.4,35.7,36560.0,21936.0,HIGH
ZONE-F (Mansar),21.4,79.28,62.4,0.363,57.5,43.3,38.6,8.1,38972.0,33928.0,MEDIUM
ZONE-F (Mansar),21.4,79.28,69.6,0.362,49.1,38.2,30.1,13.8,41022.0,31981.0,HIGH
ZONE-B (Tirodi Mine),21.68,79.71,62.4,0.252,2.4,24.6,34.6,6.2,43399.0,39122.0,MEDIUM
ZONE-B (Tirodi Mine),21.68,79.71,58.9,0.249,3.4,16.1,29.0,10.9,38488.0,31803.0,MEDIUM
ZONE-A (Dongri Buzurg),21.53,79.68,85.2,0.311,17.6,28.2,28.5,23.8,43715.0,27102.0,HIGH
ZONE-C (Balaghat Pit 4),21.8,80.18,34.7,0.371,79.6,55.9,35.6,12.2,43383.0,34924.0,MEDIUM
ZONE-E (Kandri),21.42,79.27,59.1,0.297,20.3,26.2,40.1,13.2,39760.0,31353.0,HIGH
ZONE-E (Kandri),21.42,79.27,50.3,0.34,38.6,33.1,40.1,5.1,41038.0,37707.0,MEDIUM
ZONE-A (Dongri Buzurg),21.53,79.68,81.1,0.269,1.0,18.5,32.1,17.8,42836.0,30665.0,HIGH
ZONE-A (Dongri Buzurg),21.53,79.68,81.5,0.334,22.3,29.4,31.7,28.1,37564.0,22538.0,HIGH
ZONE-E (Kandri),21.42,79.27,54.7,0.245,4.2,22.9,32.7,15.3,41524.0,31341.0,HIGH
ZONE-F (Mansar),21.4,79.28,63.1,0.355,46.9,42.8,30.1,10.4,42135.0,35129.0,MEDIUM
ZONE-F (Mansar),21.4,79.28,71.3,0.371,67.8,52.8,30.5,29.3,38748.0,23249.0,HIGH
ZONE-E (Kandri),21.42,79.27,55.3,0.213,1.2,24.6,41.0,16.3,41985.0,31002.0,HIGH
ZONE-B (Tirodi Mine),21.68,79.71,55.5,0.289,36.8,35.1,32.1,8.6,39715.0,34268.0,MEDIUM
ZONE-F (Mansar),21.4,79.28,71.6,0.287,22.8,30.1,26.4,18.4,44836.0,31647.0,HIGH
ZONE-F (Mansar),21.4,79.28,75.9,0.325,45.4,44.0,30.5,16.5,38177.0,28085.0,HIGH
ZONE-A (Dongri Buzurg),21.53,79.68,78.2,0.246,22.1,33.2,30.8,24.7,44126.0,26719.0,HIGH
ZONE-B (Tirodi Mine),21.68,79.71,60.8,0.334,38.6,41.0,29.0,12.1,36312.0,29283.0,MEDIUM
ZONE-C (Balaghat Pit 4),21.8,80.18,33.3,0.314,10.9,26.3,36.5,7.1,42638.0,37802.0,MEDIUM
ZONE-A (Dongri Buzurg),21.53,79.68,94.1,0.433,84.1,61.8,40.1,19.7,38853.0,26628.0,HIGH
ZONE-D (Gumgaon),21.38,79.03,71.0,0.267,21.9,28.3,28.6,30.2,42088.0,25253.0,HIGH
ZONE-D (Gumgaon),21.38,79.03,75.9,0.186,3.9,20.7,36.4,14.1,40556.0,31395.0,HIGH
ZONE-F (Mansar),21.4,79.28,57.5,0.216,2.6,18.2,33.6,11.2,41497.0,34094.0,MEDIUM
ZONE-E (Kandri),21.42,79.27,55.2,0.366,22.5,34.0,39.7,9.2,39947.0,34086.0,MEDIUM
ZONE-F (Mansar),21.4,79.28,67.3,0.311,17.7,25.6,39.1,24.5,36267.0,22054.0,HIGH
ZONE-C (Balaghat Pit 4),21.8,80.18,33.9,0.251,1.6,23.8,28.6,31.0,42038.0,25223.0,HIGH
ZONE-E (Kandri),21.42,79.27,52.7,0.299,32.8,38.4,41.3,9.2,36536.0,31167.0,MEDIUM
ZONE-D (Gumgaon),21.38,79.03,70.4,0.304,40.6,37.2,33.3,6.6,42761.0,38226.0,MEDIUM
ZONE-A (Dongri Buzurg),21.53,79.68,89.0,0.262,18.1,32.7,32.6,28.6,41388.0,24833.0,HIGH
ZONE-F (Mansar),21.4,79.28,68.4,0.344,35.4,36.7,40.0,8.3,36598.0,31734.0,MEDIUM
ZONE-F (Mansar),21.4,79.28,65.0,0.254,5.4,22.3,30.7,53.9,37107.0,22264.0,HIGH
ZONE-A (Dongri Buzurg),21.53,79.68,80.7,0.263,8.5,29.2,27.1,24.6,36699.0,22239.0,HIGH
ZONE-A (Dongri Buzurg),21.53,79.68,83.1,0.319,12.8,24.7,38.8,15.7,39879.0,29849.0,HIGH
ZONE-C (Balaghat Pit 4),21.8,80.18,44.8,0.261,30.5,39.0,37.3,6.1,39875.0,35991.0,MEDIUM
ZONE-D (Gumgaon),21.38,79.03,79.7,0.19,1.6,21.6,32.1,17.2,43624.0,31585.0,HIGH
ZONE-B (Tirodi Mine),21.68,79.71,61.1,0.44,64.5,55.1,27.7,5.4,37880.0,34588.0,MEDIUM
ZONE-C (Balaghat Pit 4),21.8,80.18,37.8,0.332,17.2,26.7,30.6,12.2,41426.0,33345.0,MEDIUM
ZONE-D (Gumgaon),21.38,79.03,63.2,0.282,27.6,33.2,28.4,52.9,38222.0,22933.0,HIGH
ZONE-C (Balaghat Pit 4),21.8,80.18,37.4,0.306,15.4,29.1,28.8,40.5,43476.0,26086.0,HIGH
ZONE-D (Gumgaon),21.38,79.03,83.8,0.287,14.9,22.4,33.1,11.3,44945.0,36840.0,MEDIUM
ZONE-D (Gumgaon),21.38,79.03,74.7,0.256,12.5,29.9,33.4,7.8,42398.0,37117.0,MEDIUM
ZONE-F (Mansar),21.4,79.28,64.8,0.321,9.0,25.1,39.9,15.9,43148.0,32161.0,HIGH
ZONE-D (Gumgaon),21.38,79.03,80.1,0.314,22.0,30.0,27.5,12.5,40423.0,32308.0,HIGH
ZONE-C (Balaghat Pit 4),21.8,80.18,42.9,0.307,8.0,21.2,34.2,10.8,42881.0,35498.0,MEDIUM
ZONE-D (Gumgaon),21.38,79.03,64.4,0.37,57.5,44.5,27.0,12.9,38163.0,30267.0,HIGH
ZONE-F (Mansar),21.4,79.28,78.3,0.292,10.4,28.5,38.2,6.8,41800.0,37269.0,MEDIUM
ZONE-D (Gumgaon),21.38,79.03,68.9,0.337,57.1,47.5,41.3,7.8,36129.0,31593.0,MEDIUM
ZONE-A (Dongri Buzurg),21.53,79.68,84.7,0.261,14.6,30.0,26.1,14.7,43960.0,33589.0,HIGH
ZONE-C (Balaghat Pit 4),21.8,80.18,33.5,0.316,33.3,36.9,27.2,6.7,39139.0,34967.0,MEDIUM
ZONE-C (Balaghat Pit 4),21.8,80.18,38.2,0.372,35.0,35.2,26.1,19.9,37016.0,25239.0,HIGH
ZONE-B (Tirodi Mine),21.68,79.71,56.5,0.355,55.4,48.1,27.2,13.7,38529.0,30057.0,HIGH
ZONE-F (Mansar),21.4,79.28,74.4,0.296,5.8,19.5,34.8,15.6,37691.0,28264.0,HIGH
ZONE-F (Mansar),21.4,79.28,59.2,0.299,21.2,27.6,36.2,28.0,38729.0,23237.0,HIGH
ZONE-F (Mansar),21.4,79.28,69.9,0.287,29.0,32.2,28.5,32.2,38444.0,23066.0,HIGH
ZONE-A (Dongri Buzurg),21.53,79.68,80.6,0.277,13.4,29.3,26.7,12.9,43554.0,34552.0,HIGH
ZONE-A (Dongri Buzurg),21.53,79.68,72.8,0.285,14.6,27.2,39.9,5.7,44427.0,40346.0,MEDIUM
ZONE-C (Balaghat Pit 4),21.8,80.18,40.1,0.255,3.3,16.7,32.2,39.5,41997.0,25198.0,HIGH
ZONE-A (Dongri Buzurg),21.53,79.68,93.4,0.284,11.4,21.9,41.1,7.1,44995.0,39874.0,MEDIUM
ZONE-A (Dongri Buzurg),21.53,79.68,79.4,0.281,15.6,25.4,32.9,19.1,39328.0,27331.0,HIGH
ZONE-D (Gumgaon),21.38,79.03,75.7,0.394,68.6,46.0,32.7,4.5,42574.0,39541.0,LOW
ZONE-F (Mansar),21.4,79.28,73.4,0.296,8.5,22.5,30.7,32.9,38841.0,23304.0,HIGH
ZONE-D (Gumgaon),21.38,79.03,73.1,0.243,1.9,24.1,35.3,39.2,43410.0,26046.0,HIGH
ZONE-F (Mansar),21.4,79.28,65.6,0.323,25.4,30.2,26.2,9.0,40436.0,34630.0,MEDIUM
ZONE-F (Mansar),21.4,79.28,77.1,0.301,26.5,27.9,33.4,13.1,38807.0,30652.0,HIGH
ZONE-D (Gumgaon),21.38,79.03,71.5,0.259,10.9,25.8,39.7,10.3,39310.0,32862.0,MEDIUM
ZONE-E (Kandri),21.42,79.27,53.1,0.275,10.8,22.1,31.6,32.0,43624.0,26174.0,HIGH
ZONE-A (Dongri Buzurg),21.53,79.68,83.4,0.317,27.7,32.7,30.7,26.1,41430.0,24858.0,HIGH
ZONE-E (Kandri),21.42,79.27,54.4,0.325,48.2,42.3,41.3,12.6,36680.0,29262.0,HIGH
ZONE-A (Dongri Buzurg),21.53,79.68,76.4,0.289,8.0,23.8,40.3,30.4,44835.0,26901.0,HIGH
ZONE-D (Gumgaon),21.38,79.03,71.2,0.249,17.2,24.0,31.5,22.0,44011.0,28501.0,HIGH
ZONE-A (Dongri Buzurg),21.53,79.68,81.0,0.345,41.0,31.1,34.0,14.8,38717.0,29529.0,HIGH
ZONE-B (Tirodi Mine),21.68,79.71,60.8,0.33,9.7,22.2,27.2,13.1,40919.0,32369.0,HIGH
ZONE-E (Kandri),21.42,79.27,47.6,0.326,21.5,35.2,33.7,14.7,44955.0,34401.0,HIGH
ZONE-B (Tirodi Mine),21.68,79.71,57.6,0.386,67.3,51.9,30.2,16.2,41601.0,30847.0,HIGH
ZONE-B (Tirodi Mine),21.68,79.71,65.0,0.267,0.5,20.9,31.7,20.9,44703.0,29736.0,HIGH
ZONE-E (Kandri),21.42,79.27,54.2,0.363,67.4,49.8,29.7,24.6,41428.0,25105.0,HIGH
ZONE-E (Kandri),21.42,79.27,48.8,0.269,0.3,21.8,29.7,11.3,43632.0,35777.0,MEDIUM
ZONE-C (Balaghat Pit 4),21.8,80.18,54.9,0.254,10.2,20.3,40.3,3.9,40334.0,37810.0,LOW
ZONE-C (Balaghat Pit 4),21.8,80.18,43.0,0.292,17.4,22.0,41.2,14.4,38259.0,29460.0,HIGH
ZONE-D (Gumgaon),21.38,79.03,74.0,0.343,29.9,31.1,40.4,10.7,38058.0,31525.0,MEDIUM
ZONE-A (Dongri Buzurg),21.53,79.68,92.4,0.251,6.7,25.7,41.2,20.1,40650.0,27608.0,HIGH
ZONE-B (Tirodi Mine),21.68,79.71,68.4,0.372,64.1,42.6,40.5,5.5,43408.0,39622.0,MEDIUM
ZONE-D (Gumgaon),21.38,79.03,70.1,0.31,24.1,28.7,29.0,4.5,36640.0,34028.0,LOW
ZONE-D (Gumgaon),21.38,79.03,69.0,0.271,12.2,27.3,27.5,24.4,43423.0,26445.0,HIGH
ZONE-B (Tirodi Mine),21.68,79.71,63.3,0.343,73.0,57.7,32.8,16.0,36000.0,26765.0,HIGH
ZONE-A (Dongri Buzurg),21.53,79.68,81.9,0.295,2.2,19.0,29.2,6.9,43945.0,39108.0,MEDIUM
ZONE-F (Mansar),21.4,79.28,60.9,0.378,45.7,39.7,39.6,21.7,42414.0,27703.0,HIGH
ZONE-C (Balaghat Pit 4),21.8,80.18,40.9,0.261,11.1,20.2,42.0,7.0,40882.0,36306.0,MEDIUM
ZONE-A (Dongri Buzurg),21.53,79.68,73.0,0.328,16.8,24.5,26.3,9.0,41656.0,35635.0,MEDIUM
ZONE-F (Mansar),21.4,79.28,67.9,0.224,10.8,25.4,37.4,21.3,40580.0,26727.0,HIGH
ZONE-D (Gumgaon),21.38,79.03,69.0,0.465,125.7,72.7,28.9,11.5,37126.0,24252.0,HIGH
ZONE-E (Kandri),21.42,79.27,53.1,0.414,69.2,52.0,29.1,8.3,42544.0,36911.0,MEDIUM
ZONE-E (Kandri),21.42,79.27,47.6,0.384,102.9,69.4,28.6,12.3,36227.0,23255.0,HIGH
ZONE-D (Gumgaon),21.38,79.03,72.5,0.274,4.6,27.9,39.5,27.4,42356.0,25413.0,HIGH
ZONE-A (Dongri Buzurg),21.53,79.68,82.6,0.489,119.4,85.4,37.5,8.0,40974.0,28585.0,HIGH
ZONE-D (Gumgaon),21.38,79.03,77.1,0.274,9.0,21.9,36.8,15.1,40514.0,30701.0,HIGH
ZONE-F (Mansar),21.4,79.28,64.6,0.355,34.3,33.2,40.5,15.4,40940.0,30822.0,HIGH
ZONE-F (Mansar),21.4,79.28,68.6,0.274,17.3,28.4,41.0,4.7,38224.0,35377.0,LOW
ZONE-A (Dongri Buzurg),21.53,79.68,84.4,0.328,11.8,29.1,31.3,8.0,41776.0,36418.0,MEDIUM
ZONE-F (Mansar),21.4,79.28,66.4,0.35,46.3,40.2,38.6,10.1,44794.0,37577.0,MEDIUM
ZONE-B (Tirodi Mine),21.68,79.71,50.9,0.49,123.5,74.5,37.8,6.4,39579.0,28407.0,HIGH
ZONE-C (Balaghat Pit 4),21.8,80.18,32.3,0.366,32.6,30.9,36.1,14.1,41358.0,32040.0,HIGH
ZONE-C (Balaghat Pit 4),21.8,80.18,45.0,0.253,2.8,23.0,27.5,14.7,38407.0,29367.0,HIGH
ZONE-B (Tirodi Mine),21.68,79.71,65.2,0.365,42.6,44.2,33.2,2.1,38246.0,36953.0,LOW
ZONE-B (Tirodi Mine),21.68,79.71,66.2,0.407,70.4,61.8,29.2,16.2,39673.0,29361.0,HIGH
ZONE-A (Dongri Buzurg),21.53,79.68,85.9,0.286,17.0,32.4,41.0,20.5,42655.0,28676.0,HIGH
ZONE-F (Mansar),21.4,79.28,57.1,0.488,132.0,85.3,38.0,11.8,39910.0,25902.0,HIGH
ZONE-A (Dongri Buzurg),21.53,79.68,86.8,0.349,20.2,27.3,37.2,18.4,36450.0,25735.0,HIGH
ZONE-D (Gumgaon),21.38,79.03,72.4,0.227,0.5,22.3,30.3,7.8,42595.0,37275.0,MEDIUM
ZONE-B (Tirodi Mine),21.68,79.71,61.7,0.262,31.8,31.5,31.3,27.8,38550.0,23130.0,HIGH
ZONE-F (Mansar),21.4,79.28,65.7,0.235,17.7,18.3,41.8,13.8,37856.0,29476.0,HIGH
ZONE-C (Balaghat Pit 4),21.8,80.18,36.0,0.281,27.1,38.1,40.3,4.2,41672.0,38859.0,LOW
ZONE-C (Balaghat Pit 4),21.8,80.18,34.8,0.321,35.6,41.8,34.6,27.8,40501.0,24300.0,HIGH
ZONE-C (Balaghat Pit 4),21.8,80.18,41.6,0.326,32.0,40.0,32.5,4.5,36103.0,33500.0,LOW
ZONE-A (Dongri Buzurg),21.53,79.68,86.3,0.263,10.5,20.7,27.1,10.7,43327.0,35922.0,MEDIUM
ZONE-D (Gumgaon),21.38,79.03,70.8,0.288,20.7,30.7,34.9,21.2,43854.0,28997.0,HIGH
ZONE-E (Kandri),21.42,79.27,57.9,0.241,12.9,26.4,34.1,4.3,40528.0,37744.0,LOW
ZONE-F (Mansar),21.4,79.28,65.8,0.31,25.8,23.1,31.5,15.0,38663.0,29372.0,HIGH
ZONE-E (Kandri),21.42,79.27,55.5,0.264,18.5,28.2,33.8,30.9,40787.0,24472.0,HIGH
ZONE-D (Gumgaon),21.38,79.03,72.6,0.292,25.3,33.0,31.7,17.1,41470.0,30106.0,HIGH
ZONE-F (Mansar),21.4,79.28,68.9,0.238,6.4,16.8,31.4,6.6,39733.0,35558.0,MEDIUM
ZONE-A (Dongri Buzurg),21.53,79.68,68.4,0.345,19.6,29.0,37.2,16.8,43835.0,32085.0,HIGH
ZONE-B (Tirodi Mine),21.68,79.71,64.2,0.256,0.8,20.4,33.9,15.8,40611.0,30313.0,HIGH
ZONE-E (Kandri),21.42,79.27,52.0,0.281,17.4,27.7,34.1,14.6,41046.0,31442.0,HIGH
ZONE-E (Kandri),21.42,79.27,51.0,0.287,8.8,20.9,37.7,16.4,43868.0,32343.0,HIGH
ZONE-A (Dongri Buzurg),21.53,79.68,77.7,0.329,23.2,37.0,33.2,8.2,39490.0,34297.0,MEDIUM
ZONE-B (Tirodi Mine),21.68,79.71,61.9,0.404,81.2,56.3,34.7,23.2,36667.0,23054.0,HIGH
ZONE-B (Tirodi Mine),21.68,79.71,57.8,0.278,25.2,29.1,37.7,12.2,39325.0,31655.0,MEDIUM
ZONE-C (Balaghat Pit 4),21.8,80.18,39.6,0.344,37.4,42.7,33.7,5.3,40936.0,37452.0,MEDIUM
ZONE-A (Dongri Buzurg),21.53,79.68,87.1,0.354,30.4,36.4,34.3,1.6,36132.0,35194.0,LOW
ZONE-C (Balaghat Pit 4),21.8,80.18,38.8,0.296,33.9,38.4,29.1,18.3,42828.0,30321.0,HIGH
ZONE-C (Balaghat Pit 4),21.8,80.18,33.2,0.306,19.9,29.8,34.7,17.0,42415.0,30884.0,HIGH
ZONE-C (Balaghat Pit 4),21.8,80.18,38.9,0.295,7.2,16.4,39.9,15.7,41262.0,30906.0,HIGH
ZONE-B (Tirodi Mine),21.68,79.71,56.5,0.299,16.9,34.0,38.7,24.4,44452.0,27104.0,HIGH
ZONE-F (Mansar),21.4,79.28,72.1,0.307,8.9,27.6,33.4,14.0,36568.0,28356.0,HIGH
ZONE-E (Kandri),21.42,79.27,46.4,0.389,59.0,48.6,29.0,20.9,39891.0,26534.0,HIGH
ZONE-A (Dongri Buzurg),21.53,79.68,87.1,0.277,21.8,35.6,40.2,3.5,43054.0,40641.0,LOW
ZONE-A (Dongri Buzurg),21.53,79.68,82.7,0.4,79.9,57.4,40.4,20.6,38241.0,25640.0,HIGH
ZONE-F (Mansar),21.4,79.28,57.7,0.354,42.9,40.6,26.1,24.5,38863.0,23602.0,HIGH
ZONE-C (Balaghat Pit 4),21.8,80.18,31.1,0.288,0.8,22.9,35.1,8.4,36129.0,31271.0,MEDIUM
ZONE-F (Mansar),21.4,79.28,57.3,0.393,86.9,61.9,28.1,25.5,39515.0,18967.0,HIGH
ZONE-D (Gumgaon),21.38,79.03,71.8,0.567,163.6,87.5,37.3,32.3,44354.0,21290.0,HIGH
ZONE-F (Mansar),21.4,79.28,72.4,0.328,16.3,21.7,33.5,29.0,40151.0,24090.0,HIGH
ZONE-F (Mansar),21.4,79.28,69.7,0.311,31.5,34.1,36.8,8.0,37506.0,32680.0,MEDIUM
ZONE-E (Kandri),21.42,79.27,56.2,0.259,2.0,20.2,27.1,13.5,39724.0,31154.0,HIGH
ZONE-D (Gumgaon),21.38,79.03,72.0,0.213,1.5,23.1,41.2,44.4,40094.0,24056.0,HIGH
ZONE-D (Gumgaon),21.38,79.03,62.3,0.448,113.5,66.0,32.4,63.1,44292.0,21260.0,HIGH
ZONE-B (Tirodi Mine),21.68,79.71,62.3,0.35,47.2,43.4,37.2,6.9,41547.0,36943.0,MEDIUM
ZONE-F (Mansar),21.4,79.28,62.1,0.338,37.7,36.5,40.2,10.2,43224.0,36160.0,MEDIUM
ZONE-C (Balaghat Pit 4),21.8,80.18,35.4,0.286,7.8,27.5,35.6,5.9,39919.0,36147.0,MEDIUM
ZONE-D (Gumgaon),21.38,79.03,70.5,0.363,59.4,43.3,27.1,7.5,38417.0,33833.0,MEDIUM
ZONE-B (Tirodi Mine),21.68,79.71,60.0,0.292,2.7,15.0,41.8,1.0,41675.0,41008.0,LOW
ZONE-E (Kandri),21.42,79.27,50.5,0.257,9.3,22.2,31.7,8.5,39084.0,33756.0,MEDIUM
ZONE-F (Mansar),21.4,79.28,67.8,0.314,23.2,31.8,38.9,2.7,37297.0,35658.0,LOW
ZONE-C (Balaghat Pit 4),21.8,80.18,45.2,0.254,0.1,30.8,33.1,12.1,38537.0,31059.0,MEDIUM
ZONE-B (Tirodi Mine),21.68,79.71,59.8,0.309,21.5,26.7,36.7,33.5,40842.0,24505.0,HIGH
ZONE-E (Kandri),21.42,79.27,49.1,0.56,159.3,94.9,29.1,22.0,40349.0,20925.0,HIGH
ZONE-C (Balaghat Pit 4),21.8,80.18,38.9,0.331,37.6,43.7,28.0,10.8,44130.0,36491.0,MEDIUM
ZONE-E (Kandri),21.42,79.27,44.1,0.47,105.9,57.1,35.3,4.8,40974.0,30279.0,HIGH
ZONE-A (Dongri Buzurg),21.53,79.68,81.6,0.325,47.4,44.0,39.7,9.8,39659.0,33460.0,MEDIUM
ZONE-F (Mansar),21.4,79.28,64.9,0.362,32.4,39.3,31.9,40.5,42565.0,25539.0,HIGH
ZONE-E (Kandri),21.42,79.27,49.4,0.377,55.6,48.0,29.5,6.1,38369.0,34603.0,MEDIUM
ZONE-E (Kandri),21.42,79.27,53.9,0.301,34.2,37.5,32.0,14.2,37796.0,29217.0,HIGH
ZONE-B (Tirodi Mine),21.68,79.71,66.4,0.29,9.5,17.6,38.6,14.7,42844.0,32787.0,HIGH
ZONE-A (Dongri Buzurg),21.53,79.68,87.4,0.33,42.6,45.3,37.3,19.1,36409.0,25262.0,HIGH
ZONE-A (Dongri Buzurg),21.53,79.68,71.3,0.323,25.0,34.3,34.2,15.0,43553.0,33102.0,HIGH
ZONE-A (Dongri Buzurg),21.53,79.68,82.3,0.338,55.6,51.9,31.4,20.1,37702.0,25556.0,HIGH
ZONE-C (Balaghat Pit 4),21.8,80.18,38.6,0.3,6.7,23.3,32.3,9.2,38132.0,32547.0,MEDIUM
ZONE-E (Kandri),21.42,79.27,50.3,0.343,67.9,48.8,38.0,5.7,39767.0,36128.0,MEDIUM
ZONE-A (Dongri Buzurg),21.53,79.68,86.2,0.315,14.1,24.5,36.5,34.6,41397.0,24838.0,HIGH
ZONE-D (Gumgaon),21.38,79.03,76.8,0.315,47.0,35.2,41.4,6.1,41604.0,37531.0,MEDIUM
ZONE-F (Mansar),21.4,79.28,68.2,0.34,55.4,49.1,31.0,9.5,44451.0,37689.0,MEDIUM
ZONE-B (Tirodi Mine),21.68,79.71,61.0,0.445,92.4,61.7,28.4,5.3,38220.0,27998.0,HIGH
ZONE-F (Mansar),21.4,79.28,64.1,0.262,2.2,10.0,30.4,20.5,44474.0,29876.0,HIGH
ZONE-A (Dongri Buzurg),21.53,79.68,81.0,0.27,0.2,18.7,32.6,5.4,42220.0,38560.0,MEDIUM
ZONE-A (Dongri Buzurg),21.53,79.68,80.0,0.295,20.3,31.5,35.7,13.7,40372.0,31528.0,HIGH
ZONE-D (Gumgaon),21.38,79.03,77.4,0.216,11.9,27.0,35.5,12.4,39096.0,31337.0,MEDIUM
ZONE-D (Gumgaon),21.38,79.03,75.4,0.368,30.5,34.1,32.6,15.0,36889.0,28012.0,HIGH
ZONE-E (Kandri),21.42,79.27,46.8,0.339,21.8,27.0,26.5,19.1,37553.0,26091.0,HIGH
ZONE-C (Balaghat Pit 4),21.8,80.18,34.1,0.3,48.3,42.0,32.8,16.6,37041.0,27182.0,HIGH
ZONE-A (Dongri Buzurg),21.53,79.68,72.8,0.287,41.2,36.9,35.8,11.0,43412.0,35743.0,MEDIUM
ZONE-A (Dongri Buzurg),21.53,79.68,76.5,0.26,2.8,25.4,28.5,14.7,43511.0,33244.0,HIGH
ZONE-F (Mansar),21.4,79.28,69.9,0.382,85.4,59.2,28.2,15.5,38482.0,23149.0,HIGH
ZONE-C (Balaghat Pit 4),21.8,80.18,36.8,0.235,0.6,23.1,32.7,15.1,38248.0,29009.0,HIGH
ZONE-C (Balaghat Pit 4),21.8,80.18,31.9,0.327,37.4,38.5,37.4,17.4,41515.0,29984.0,HIGH
ZONE-C (Balaghat Pit 4),21.8,80.18,34.0,0.284,1.6,19.9,29.7,28.9,44093.0,26456.0,HIGH
ZONE-B (Tirodi Mine),21.68,79.71,61.9,0.226,3.9,14.3,36.8,2.7,37636.0,35984.0,LOW
ZONE-C (Balaghat Pit 4),21.8,80.18,33.1,0.255,1.0,17.7,37.4,3.7,43528.0,40968.0,LOW
ZONE-D (Gumgaon),21.38,79.03,80.3,0.465,86.9,54.6,32.5,30.2,39856.0,19131.0,HIGH
ZONE-D (Gumgaon),21.38,79.03,70.0,0.3,20.5,30.6,26.1,20.8,42913.0,28600.0,HIGH
ZONE-F (Mansar),21.4,79.28,58.2,0.269,10.1,23.5,34.2,27.0,36353.0,21812.0,HIGH
ZONE-C (Balaghat Pit 4),21.8,80.18,38.2,0.403,61.7,50.8,31.2,25.1,43384.0,26030.0,HIGH
ZONE-C (Balaghat Pit 4),21.8,80.18,35.4,0.496,102.7,64.7,30.3,9.2,41936.0,28586.0,HIGH
ZONE-A (Dongri Buzurg),21.53,79.68,81.9,0.261,19.7,27.5,27.1,8.2,44252.0,38424.0,MEDIUM
ZONE-A (Dongri Buzurg),21.53,79.68,81.5,0.253,6.1,11.9,38.1,5.0,36902.0,33964.0,LOW
ZONE-A (Dongri Buzurg),21.53,79.68,77.2,0.24,1.9,17.8,27.2,6.3,38519.0,34654.0,MEDIUM
ZONE-B (Tirodi Mine),21.68,79.71,59.1,0.415,91.3,57.5,26.6,12.1,41249.0,26619.0,HIGH
ZONE-F (Mansar),21.4,79.28,66.2,0.324,53.3,43.6,37.2,7.1,36557.0,32424.0,MEDIUM
ZONE-C (Balaghat Pit 4),21.8,80.18,36.0,0.351,43.3,39.5,32.0,10.8,43491.0,35992.0,MEDIUM
ZONE-A (Dongri Buzurg),21.53,79.68,75.5,0.234,8.8,21.5,27.4,6.8,38518.0,34328.0,MEDIUM
ZONE-F (Mansar),21.4,79.28,69.9,0.347,48.9,45.4,33.1,8.0,37452.0,32649.0,MEDIUM
ZONE-B (Tirodi Mine),21.68,79.71,57.0,0.282,8.2,14.2,34.8,10.8,37130.0,30699.0,MEDIUM
ZONE-B (Tirodi Mine),21.68,79.71,55.9,0.251,2.0,14.0,37.2,9.7,43975.0,37177.0,MEDIUM
ZONE-D (Gumgaon),21.38,79.03,67.2,0.302,13.1,29.0,38.6,16.2,36408.0,26944.0,HIGH
ZONE-F (Mansar),21.4,79.28,73.1,0.311,26.8,32.5,27.9,0.5,40564.0,40257.0,LOW
ZONE-C (Balaghat Pit 4),21.8,80.18,34.7,0.534,147.4,83.5,33.1,31.2,41804.0,20066.0,HIGH
ZONE-E (Kandri),21.42,79.27,44.0,0.27,19.7,37.3,27.6,9.8,40239.0,33908.0,MEDIUM
ZONE-C (Balaghat Pit 4),21.8,80.18,38.9,0.559,168.8,95.0,38.2,7.9,38919.0,27204.0,HIGH
ZONE-B (Tirodi Mine),21.68,79.71,60.5,0.374,77.1,56.5,26.3,10.2,41950.0,35109.0,MEDIUM
ZONE-F (Mansar),21.4,79.28,65.6,0.299,8.6,25.5,26.7,16.1,44360.0,32939.0,HIGH
ZONE-A (Dongri Buzurg),21.53,79.68,87.4,0.262,21.9,21.4,34.8,38.2,44688.0,26813.0,HIGH
ZONE-E (Kandri),21.42,79.27,57.8,0.33,57.4,40.8,26.4,16.1,37147.0,27607.0,HIGH
ZONE-B (Tirodi Mine),21.68,79.71,70.6,0.392,87.2,59.9,37.4,10.7,44102.0,29251.0,HIGH
ZONE-A (Dongri Buzurg),21.53,79.68,81.0,0.287,12.9,26.8,35.3,25.4,44319.0,26591.0,HIGH
ZONE-E (Kandri),21.42,79.27,55.2,0.313,35.2,36.4,37.7,13.4,39085.0,30698.0,HIGH
ZONE-D (Gumgaon),21.38,79.03,75.3,0.428,90.3,68.4,31.1,4.4,44021.0,32761.0,HIGH
ZONE-E (Kandri),21.42,79.27,52.5,0.314,43.6,34.4,26.2,26.3,41092.0,24655.0,HIGH
ZONE-A (Dongri Buzurg),21.53,79.68,69.5,0.342,28.2,30.9,36.7,9.5,36729.0,31138.0,MEDIUM
ZONE-F (Mansar),21.4,79.28,68.8,0.294,20.6,33.5,41.9,27.9,38752.0,23251.0,HIGH
ZONE-A (Dongri Buzurg),21.53,79.68,77.9,0.329,23.5,31.7,37.1,28.9,37076.0,22246.0,HIGH
ZONE-D (Gumgaon),21.38,79.03,78.7,0.345,42.2,41.1,34.0,20.8,36231.0,24201.0,HIGH
ZONE-F (Mansar),21.4,79.28,59.7,0.275,12.9,31.6,29.7,15.6,38540.0,28900.0,HIGH
ZONE-C (Balaghat Pit 4),21.8,80.18,39.1,0.309,11.4,27.8,39.3,12.8,36433.0,28978.0,HIGH
ZONE-B (Tirodi Mine),21.68,79.71,56.1,0.352,60.0,47.0,37.0,6.9,44081.0,39203.0,MEDIUM
ZONE-C (Balaghat Pit 4),21.8,80.18,40.7,0.283,5.1,26.3,31.4,13.4,44317.0,34802.0,HIGH
ZONE-E (Kandri),21.42,79.27,48.2,0.389,50.9,38.8,36.8,30.1,39711.0,23826.0,HIGH
ZONE-F (Mansar),21.4,79.28,64.0,0.337,28.0,30.0,35.3,24.9,36691.0,22085.0,HIGH
ZONE-F (Mansar),21.4,79.28,60.8,0.242,6.2,14.5,32.4,2.7,39978.0,38238.0,LOW
ZONE-D (Gumgaon),21.38,79.03,70.7,0.25,17.7,18.9,37.7,10.6,38362.0,31886.0,MEDIUM
ZONE-E (Kandri),21.42,79.27,52.6,0.28,4.1,20.2,28.6,11.3,42284.0,34644.0,MEDIUM
ZONE-D (Gumgaon),21.38,79.03,69.0,0.314,28.1,36.6,35.2,25.4,36714.0,22028.0,HIGH
ZONE-C (Balaghat Pit 4),21.8,80.18,37.8,0.304,31.4,33.1,40.1,24.8,41530.0,25040.0,HIGH
ZONE-F (Mansar),21.4,79.28,64.4,0.358,49.2,47.0,27.3,45.1,43051.0,25831.0,HIGH
ZONE-E (Kandri),21.42,79.27,43.9,0.301,7.6,18.7,41.8,6.1,43215.0,38993.0,MEDIUM
ZONE-C (Balaghat Pit 4),21.8,80.18,36.5,0.305,25.4,34.2,36.8,29.4,36199.0,21719.0,HIGH
ZONE-A (Dongri Buzurg),21.53,79.68,79.5,0.421,72.5,44.9,35.8,11.1,42769.0,35140.0,MEDIUM
ZONE-B (Tirodi Mine),21.68,79.71,68.7,0.327,20.5,30.5,31.6,15.4,41683.0,31439.0,HIGH
ZONE-A (Dongri Buzurg),21.53,79.68,80.4,0.295,20.6,28.8,32.6,12.9,43376.0,34445.0,HIGH
ZONE-E (Kandri),21.42,79.27,52.5,0.363,32.5,35.2,29.6,8.4,37470.0,32412.0,MEDIUM
ZONE-C (Balaghat Pit 4),21.8,80.18,39.9,0.301,47.5,43.6,32.2,10.2,40270.0,33702.0,MEDIUM
ZONE-C (Balaghat Pit 4),21.8,80.18,42.8,0.232,2.2,21.5,35.1,14.4,36438.0,28023.0,HIGH
ZONE-F (Mansar),21.4,79.28,57.3,0.399,60.5,47.4,33.2,22.8,40064.0,25430.0,HIGH
ZONE-B (Tirodi Mine),21.68,79.71,51.8,0.267,6.5,16.4,31.7,23.7,36038.0,22378.0,HIGH
ZONE-A (Dongri Buzurg),21.53,79.68,91.8,0.232,2.0,25.5,32.6,23.4,44897.0,28117.0,HIGH
ZONE-C (Balaghat Pit 4),21.8,80.18,34.9,0.492,120.3,76.2,27.8,4.6,41558.0,30783.0,HIGH
ZONE-B (Tirodi Mine),21.68,79.71,59.1,0.409,39.6,32.2,40.8,11.4,43042.0,35158.0,MEDIUM
ZONE-C (Balaghat Pit 4),21.8,80.18,36.3,0.279,13.8,26.6,37.7,45.9,41510.0,24906.0,HIGH
ZONE-F (Mansar),21.4,79.28,55.7,0.29,7.6,21.0,37.7,16.8,37631.0,27530.0,HIGH
ZONE-E (Kandri),21.42,79.27,39.5,0.3,41.2,37.5,34.8,18.0,37217.0,26519.0,HIGH
ZONE-C (Balaghat Pit 4),21.8,80.18,34.9,0.25,17.6,25.6,36.7,0.9,41344.0,40772.0,LOW
ZONE-A (Dongri Buzurg),21.53,79.68,73.7,0.295,37.3,34.3,29.6,11.4,42294.0,34549.0,MEDIUM
ZONE-C (Balaghat Pit 4),21.8,80.18,48.8,0.343,41.6,44.2,37.8,10.8,38352.0,31713.0,MEDIUM
ZONE-E (Kandri),21.42,79.27,51.4,0.271,2.2,17.3,31.1,21.9,36822.0,23936.0,HIGH
ZONE-C (Balaghat Pit 4),21.8,80.18,42.9,0.31,30.8,30.3,36.0,1.7,44069.0,42895.0,LOW
ZONE-D (Gumgaon),21.38,79.03,64.9,0.272,11.3,20.9,35.4,24.2,41505.0,25405.0,HIGH
ZONE-F (Mansar),21.4,79.28,62.0,0.43,85.5,53.4,30.3,8.2,40996.0,28496.0,HIGH
ZONE-F (Mansar),21.4,79.28,75.4,0.288,31.2,36.3,38.4,19.2,39243.0,27211.0,HIGH
ZONE-D (Gumgaon),21.38,79.03,76.6,0.341,36.7,40.8,40.9,12.1,41967.0,33859.0,MEDIUM
ZONE-B (Tirodi Mine),21.68,79.71,60.6,0.359,59.3,45.1,36.2,9.8,36008.0,30339.0,MEDIUM
ZONE-E (Kandri),21.42,79.27,48.1,0.295,5.2,22.3,36.8,21.2,38813.0,25646.0,HIGH
ZONE-D (Gumgaon),21.38,79.03,68.8,0.27,8.2,23.8,41.0,24.0,42225.0,25983.0,HIGH
ZONE-B (Tirodi Mine),21.68,79.71,69.0,0.292,13.9,26.0,36.1,7.1,37859.0,33588.0,MEDIUM
ZONE-D (Gumgaon),21.38,79.03,68.8,0.303,47.9,39.5,30.3,19.0,39332.0,27368.0,HIGH
ZONE-A (Dongri Buzurg),21.53,79.68,82.4,0.29,13.7,24.0,36.5,11.4,44129.0,36086.0,MEDIUM
ZONE-F (Mansar),21.4,79.28,71.3,0.225,4.0,18.6,38.9,9.9,43715.0,36760.0,MEDIUM
ZONE-B (Tirodi Mine),21.68,79.71,65.6,0.299,11.2,23.3,26.9,5.3,38754.0,35463.0,MEDIUM
ZONE-D (Gumgaon),21.38,79.03,74.2,0.374,56.8,45.0,36.6,20.6,38816.0,26030.0,HIGH
ZONE-C (Balaghat Pit 4),21.8,80.18,43.7,0.369,56.9,45.7,27.3,27.7,38764.0,23259.0,HIGH
ZONE-C (Balaghat Pit 4),21.8,80.18,40.2,0.473,112.2,70.2,29.1,18.4,39616.0,22379.0,HIGH
ZONE-E (Kandri),21.42,79.27,55.5,0.369,25.0,27.8,39.3,18.3,43550.0,30797.0,HIGH
ZONE-E (Kandri),21.42,79.27,55.4,0.405,89.4,58.5,28.2,3.5,36638.0,27648.0,HIGH
ZONE-C (Balaghat Pit 4),21.8,80.18,38.0,0.353,39.8,32.4,30.0,11.8,39538.0,32074.0,MEDIUM
ZONE-F (Mansar),21.4,79.28,60.0,0.37,84.9,58.9,28.7,11.8,37097.0,30100.0,MEDIUM
ZONE-A (Dongri Buzurg),21.53,79.68,73.6,0.244,5.2,23.2,35.5,3.2,37761.0,35806.0,LOW
ZONE-B (Tirodi Mine),21.68,79.71,70.7,0.254,36.6,31.7,30.1,13.8,41364.0,32258.0,HIGH
ZONE-A (Dongri Buzurg),21.53,79.68,75.2,0.309,20.0,28.1,26.9,10.0,36002.0,30245.0,MEDIUM
ZONE-D (Gumgaon),21.38,79.03,74.0,0.284,25.2,34.6,38.0,19.0,38087.0,26513.0,HIGH
ZONE-A (Dongri Buzurg),21.53,79.68,86.4,0.264,4.4,13.3,32.0,30.6,36320.0,21792.0,HIGH
ZONE-F (Mansar),21.4,79.28,68.7,0.234,4.0,24.9,30.4,7.7,42652.0,37381.0,MEDIUM
ZONE-C (Balaghat Pit 4),21.8,80.18,36.6,0.33,39.4,42.3,39.9,15.6,44882.0,33675.0,HIGH
ZONE-F (Mansar),21.4,79.28,64.5,0.271,10.0,25.4,39.7,15.7,36063.0,26994.0,HIGH
ZONE-D (Gumgaon),21.38,79.03,70.1,0.432,107.8,69.0,29.0,7.9,39269.0,27451.0,HIGH
ZONE-E (Kandri),21.42,79.27,49.1,0.424,73.0,52.8,31.3,11.7,38884.0,31594.0,MEDIUM
ZONE-A (Dongri Buzurg),21.53,79.68,74.6,0.394,65.1,50.2,30.5,12.2,37251.0,29979.0,MEDIUM
ZONE-C (Balaghat Pit 4),21.8,80.18,31.8,0.375,67.3,50.3,38.3,8.1,39393.0,34268.0,MEDIUM
ZONE-D (Gumgaon),21.38,79.03,65.1,0.31,49.2,50.7,37.2,11.0,41893.0,34498.0,MEDIUM
